ShowTitle,EpisodeTitle,CharacterName,AgeGroup,Sex,RaceEthnicityEthnicOrigin,SocialClass,DramaticRole,SkinnyFat,BeautifulUgly,LightDarkSkin,WellSloppilyDress,SeriousComic,StrongWeak,GoodBad,PeacefulViolent,KindCruel,SmartStupid,IndependentDependent,WarmCold,HonestDishonest,ActivePassive,AgileClumsy,ChildlikeAdultlike,CompetentIncompetent,Data Year
My Little Pony: Friendship is Magic,"Friendship is Magic, Part 2",Applejack,Child (4 - 12),Female,Other,Middle Class,Heroic sidekick,2,1,1,2,4,1,1,2,2,2.5,1,1,1,1,2,3,1,1
Digimon,The Digiteam Complete,Armadillomon,Uncertain,Male,Other,Uncertain,Heroic sidekick,3.5,3,3,0,3,3,2,2,3,3,4,3,2,4.5,3,2.5,3,1
Pokemon,A Village Homecoming,Ash Ketchum,Child (4 - 12),Male,Uncertain,Uncertain,Heroic sidekick,2.67,2.67,2,3,3,2.67,1.67,2.33,2.67,2.67,2.67,2.33,2.67,3.33,2.67,3,3,2
Pokemon,Beauties Battling for Pride and Prestige!,Ash Ketchum as a girl (Ashley),Child (4 - 12),Male,Asian,Uncertain,Heroic sidekick,3,2.5,3,1.5,5,3,2,3,3,2.5,3,3.5,2.5,3.5,3,2.5,3,2
Dragons: Riders of Berk,Thawfest,Astrid Hofferson,Teenager (13 - 18),Female,White,Uncertain,Heroic sidekick,1,1,1,2,1,1,1,1,1,1,1,2,1,1,1,4,3,1
Dragons: Riders of Berk,What Flies Beneath,Astrid Hofferson,Teenager (13 - 18),Female,White,Uncertain,Heroic sidekick,1.5,2,1.5,2.5,2.5,1.5,1.5,2.5,1.5,1,1.5,1.5,1.5,1.5,1.5,4,1.5,1
Dragons: Riders of Berk,When Lightning Strikes,Astrid Hofferson,Teenager (13 - 18),Female,White,Uncertain,Heroic sidekick,2,2.5,1.5,3.5,1.5,2,2.5,2.5,2.5,3,3.5,3,2,3.5,2,4,0,1
Wild Kratts,Aardvark Town,Aviva Corcovado,Young adult,Female,Latino(a) / Hispanic,Middle Class,Heroic sidekick,1.75,1.25,3,2.25,2.75,1.5,1,1.5,1.25,1.25,1.25,1.5,1.25,1.25,2,4,1.25,2
Wild Kratts,Mom of a Croc,Aviva Corcovado,Young adult,Female,Latino(a) / Hispanic,Middle Class,Heroic sidekick,1,1.5,3,2,1.5,2,1,2,1.5,1.5,1,2,1,1,1,4,1,2
Wild Kratts,Whale of a Squid,Aviva Corcovado,Young adult,Female,Latino(a) / Hispanic,Middle Class,Heroic sidekick,1.67,1.33,4,2.67,2.33,1.33,1.33,2.33,1,1,1.67,3,3,1,2.67,4.33,1.33,2
Phineas and Ferb,Ballad of Badbeard,Baljeet Tjinder,Child (4 - 12),Male,Asian,Middle Class,Heroic sidekick,1,3,4,3,3.5,3,3,2.5,3,2,4,3,2,4,3,2,3,1
Sanjay and Craig,Hot Sauce Boss,Belle Pepper,Teenager (13 - 18),Female,White,Middle Class,Heroic sidekick,1.5,2,1,2,4,2.5,1,2,2.5,2,2,2,3.5,1,1.5,3,3,2
Digimon,The Digiteam Complete,Biyomon,Uncertain,Female,Other,Uncertain,Heroic sidekick,3,2,2,0,2,3,1,2,1,1,3,1,3,3,3,3,3,1
Legend of Korra,A Leaf in the Wind,Bolin,Teenager (13 - 18),Male,White,Poor / Working class,Heroic sidekick,3,1,2.5,3,4.5,1,1.5,3,1,3.5,2,1,1,1,1,2.5,2,1
Legend of Korra,The Revelation,Bolin,Teenager (13 - 18),Male,Asian,Poor / Working class,Heroic sidekick,3,2,2,3,5,4,1.5,3,2,4,2.5,1.5,2.5,2,4,2,3,1
Phineas and Ferb,Ballad of Badbeard,Buford Van Stomm,Child (4 - 12),Male,White,Middle Class,Heroic sidekick,5,4,1,4,4,2.5,4,5,4,3,4,4,0,3,3,2,3,1
Arthur,Arthur Sells Out,Buster Baxter,Child (4 - 12),Male,Uncertain,Middle Class,Heroic sidekick,3,3,1,1.5,3,3,1,1,1,2,2,1.5,1,1,3,1.5,2,1
Pokemon,A Village Homecoming,Cilan,Teenager (13 - 18),Male,Uncertain,Uncertain,Heroic sidekick,2.67,2.33,2.33,2.33,2.67,3,2.33,2.33,2,1.67,2.67,2.33,3,3,3,2.67,2.33,2
Pokemon,Beauties Battling for Pride and Prestige!,Cilan,Teenager (13 - 18),Male,Uncertain,Uncertain,Heroic sidekick,2,2.5,2,1.5,4,3,2.5,2.5,2.5,3,3,2.5,3,4,3,3,3,2
Pokemon,Beauties Battling for Pride and Prestige!,Cilan as a girl (Cilanoir),Teenager (13 - 18),Male,Uncertain,Uncertain,Heroic sidekick,2.5,2,1.5,1,4.5,3,2,3,2.5,3,3,2.5,3,3.5,3,3,2.5,2
Digimon,A New Digitude,Cody Hida,Child (4 - 12),Male,Asian,Poor / Working class,Heroic sidekick,1.5,3,2,2.5,1,3,2,3,3,1.5,3,4,3,4,3,4,2,1
Digimon,The Digiteam Complete,Cody Hida,Child (4 - 12),Male,Uncertain,Middle Class,Heroic sidekick,2,3,1.5,3,1,3.5,1,2.5,2,1,3,3,2.5,2,2,4,2,1
Sanjay and Craig,Hot Sauce Boss,Craig Slithers,Child (4 - 12),Male,Uncertain,Middle Class,Heroic sidekick,1,2.5,3,2.5,4,3,1,2,1.5,1.5,1.5,1.5,2.5,1.5,2,2,1.5,2
Sanjay and Craig,Middle Shame,Craig Slithers,Child (4 - 12),Male,Uncertain,Uncertain,Heroic sidekick,1.5,3,3,3,5,1.5,1.5,2,1.5,1.5,2,1.5,1.5,2,2.5,3.5,2,2
Sanjay and Craig,Shirts Off,Craig Slithers,Child (4 - 12),Male,Uncertain,Uncertain,Heroic sidekick,1.5,3,3,3,4.5,2.5,2,1.5,2,2.5,3,2,3,1.5,2,2,2,2
Sanjay and Craig,Dolled Up,Craig Slithers,Uncertain,Male,Uncertain,Middle Class,Heroic sidekick,3,3,3,3,5,3,3,3,3,3,3,3,3,2,3.5,3.5,3,2
Bob's Burgers,Burgerboss,Darryl,Child (4 - 12),Male,Black,Uncertain,Heroic sidekick,2.5,3,4.5,2,3.5,4,2,4,2,1.5,1,3.5,1.5,1,3,3.5,1,1
Digimon,Enter Flamedramon,Davis Motomiya,Teenager (13 - 18),Male,White,Middle Class,Heroic sidekick,3,2,3,2,3,3,2,3,3.5,3,2,2,3,2,3.5,3,3,1
Digimon,The Digiteam Complete,Digmon,Uncertain,Male,Other,Uncertain,Heroic sidekick,3,2.5,3,0,2,2,2,4,2.5,2.5,2,3,3,2,1.5,4,2,1
Teenage Mutant Ninja Turtles,Slash and Destroy,Donatello,Teenager (13 - 18),Male,Uncertain,Poor / Working class,Heroic sidekick,3.33,3,3.33,3,3,2,1.67,3,1.67,1.67,2.33,2.67,2.67,1.67,1.67,3.67,2,2
Teenage Mutant Ninja Turtles,"The Good, The Bad, and Casey Jones",Donatello,Teenager (13 - 18),Male,Uncertain,Middle Class,Heroic sidekick,3,2.5,3,3,3.5,2,1.5,4,2.5,2.5,2,2,2,1.5,1,3,1,2
Johnny Test,Johnny Test vs. Bling Bling Boy,Dukey,Child (4 - 12),Male,White,Middle Class,Heroic sidekick,3,3,3.67,3,3.33,3,2.33,2.67,2.67,3,3.67,2.33,3.33,2.33,1.67,3,2.33,2
Johnny Test,Stinkin' Johnny,Dukey,Child (4 - 12),Male,White,Middle Class,Heroic sidekick,3,3,3,3,4,3.33,2.33,2.67,3,3,3.33,2.33,2.67,2,2.67,2.67,3.33,2
Johnny Test,"Here Johnny, Here Boy!",Dukey,Young adult,Male,Uncertain,Middle Class,Heroic sidekick,3,3,3.5,3,2,2,1,2.5,2,2,2,2,1.5,2,2,4,2.5,2
Johnny Test,Johnny Applesauce,Dukey,Young adult,Male,White,Middle Class,Heroic sidekick,2.5,2.5,3.5,3,4,3,1.5,1.5,2.5,2,2,2.5,2,2,2.5,4,2.5,2
Johnny Test,Johnny X and the Attack of the Snowmen,Dukey (as Super Dukey),Uncertain,Male,Uncertain,Middle Class,Heroic sidekick,2.67,3,3,2.33,2.67,2.33,1.67,3.67,2.67,2.67,3.33,2,2.33,2.33,2.67,3,1.33,2
Johnny Test,Johnny Applesauce,Dukey the Singer,Middle aged,Male,White,Poor / Working class,Heroic sidekick,2,3,3,3,5,3,1,1,1,3,3,1,1,1,1,4,1,2
Arthur,Swept Away / Germophobia,DW Read,Child (4 - 12),Female,Uncertain,Middle Class,Heroic sidekick,3,2.5,3,2,4.5,1,2.5,3,2.5,3.5,5,3,1,2,3,1,2.5,1
Phineas and Ferb,Ballad of Badbeard,Ferb Fletcher,Child (4 - 12),Male,White,Middle Class,Heroic sidekick,1,3,1,3,3,4,2,2,2,1,3,3.5,3,1,1,0,1,1
Phineas and Ferb,"It's a Mud, Mud, Mud, Mud World",Ferb Fletcher,Child (4 - 12),Male,White,Middle Class,Heroic sidekick,1.5,3,1,3,2,4,2,0,1,1,3,0,0,3.5,0,3,1,1
Phineas and Ferb,Jerk De Soliel / Toy to the World,Ferb Fletcher,Child (4 - 12),Male,White,Middle Class,Heroic sidekick,2,3.5,1.75,2.5,2.13,3.13,2.25,2.25,2.25,1.63,2.25,2.25,2.25,3.88,2.25,2.25,2.25,1
Dragons: Riders of Berk,What Flies Beneath,Fishlegs Ingerman,Teenager (13 - 18),Male,White,Uncertain,Heroic sidekick,5,3.5,1.5,3,4,4.5,1.5,2,1.5,1,2,1.5,1.5,3.5,4,2.5,2.5,1
Digimon,Enter Flamedramon,Flamedramon,Uncertain,Uncertain,Other,Uncertain,Heroic sidekick,2,2.5,2.5,2,2,1,1,3,2,0,2,3,0,1,1,3,2,1
Digimon,The Digiteam Complete,Flamedramon,Uncertain,Male,Other,Uncertain,Heroic sidekick,3,2,3,0,2,3,2,4,3,2,3,3,0,2,1.5,4,2,1
My Little Pony: Friendship is Magic,"Friendship is Magic, Part 2",Fluttershy,Child (4 - 12),Female,Other,Middle Class,Heroic sidekick,1,1,1,3,4,1,1,1,1,2,1,1,3,3,1,1,3,1
Arthur,Swept Away / Germophobia,Francine Frensky,Child (4 - 12),Female,Uncertain,Uncertain,Heroic sidekick,3,3.5,4,3,1.5,1,3.5,3.5,3.5,3,3,3,1,1,3,3.5,3,1
American Dad,Hot Water,Francine Smith,Middle aged,Female,White,Middle Class,Heroic sidekick,2.5,2,1.5,2.5,2.5,3,2,2.5,2,3,3,2,2.5,3,3,3.5,2.5,1
Bob's Burgers,Synchronized Swimming,Gene Belcher,Child (4 - 12),Male,White,Poor / Working class,Heroic sidekick,5,4,1.5,3,4.5,2,3,0,3,4.5,3.5,2.5,4,4,4,1.5,4,1
Dragons: Riders of Berk,When Lightning Strikes,Gobber,Middle aged,Male,White,Uncertain,Heroic sidekick,4,3.5,2,3.5,2,2,2,2,2,3.5,4,2.5,0,4,0,4.5,0,1
Digimon,The Digiteam Complete,Halsemon,Uncertain,Male,Other,Uncertain,Heroic sidekick,3,3,3,0,1,1,2,4,3,2,2,3,3,2,1.5,4,2,1
Ultimate Spider-Man,Great Power,Harry Osborn,Teenager (13 - 18),Male,White,Upper Class / Wealthy,Heroic sidekick,2,1,1.33,1.33,3,1.67,1,1.67,1,1.67,2,1.67,2.33,2,2,3.67,2.33,2
Digimon,The Digiteam Complete,Hawkman,Uncertain,Male,Other,Uncertain,Heroic sidekick,3,3,3,0,3,2.5,2,3,2,2,4,2.5,2,2,2,5,2.5,1
American Dad,Hurricane!,Hayley Smith,Teenager (13 - 18),Female,White,Middle Class,Heroic sidekick,2.5,3,1.5,3.5,2.5,1.5,2.5,2.5,2.5,3,2,3,2,1.5,3,4,3,1
Sanjay and Craig,Ghost Pool,Hector Flanagan,Child (4 - 12),Male,White,Middle Class,Heroic sidekick,4,3,1.5,4,4.5,4,1.5,1.5,1.5,4.5,4.5,2.5,3.5,1.5,4,1,2,2
Johnny Test,Stinkin' Johnny,Hugh Test,Middle aged,Male,White,Middle Class,Heroic sidekick,2.33,3,2,1.67,3.33,4,2.67,2.33,2.67,4,3,2.33,2.67,3,4.33,3.67,3.67,2
Pokemon,A Surface to Air Tag Battle Team,Iris,Child (4 - 12),Female,Asian,Middle Class,Heroic sidekick,2.5,2,3.5,2.5,1.5,2.5,1.5,1.5,1.5,1.5,2,1.5,1,3.5,2,3,2,2
Ultimate Spider-Man 3,Doomed,Iron Fist (Danny),Teenager (13 - 18),Male,White,Uncertain,Heroic sidekick,2,2.5,1,2.5,4,2,1,3,1.5,2,3.5,1.5,2.5,3.5,2,3,2,2
Phineas and Ferb,Ballad of Badbeard,Isabella Garcia-Shapiro,Child (4 - 12),Female,White,Middle Class,Heroic sidekick,1,1,1,1,2,1,1,1,1,1,2,1,0,2,1,3.5,2,1
Digimon,Enter Flamedramon,Izzy Izumi,Teenager (13 - 18),Male,White,Middle Class,Heroic sidekick,3,2,1,1,4,3,2,2,2,1,2,2,3,2,3,4,2,1
Digimon,The Digiteam Complete,Izzy Izumi,Teenager (13 - 18),Male,White,Uncertain,Heroic sidekick,2,3,2,2.5,2,1.5,2,2.5,2,2,2,2.5,2,2,3,4,2.5,1
Adventure Time,Blood Under the Skin,Jake,Young adult,Male,Uncertain,Uncertain,Heroic sidekick,2.5,3.5,2.5,3,3.5,1.5,1.5,3,2,1.5,2,2.5,2.5,1.5,2.5,4,3,1
Adventure Time,Sanjay and Craig,Jake,Young adult,Male,Other,Middle Class,Heroic sidekick,3.5,3.5,2,0,4.5,2,3,2.5,3.5,2.5,4.5,2.5,2.5,3,3,1,4,1
Adventure Time,Slow Love,Jake,Young adult,Male,Uncertain,Middle Class,Heroic sidekick,3.5,3,2.5,0,4,2,2,3.5,2,2,2.5,2,2,1,1,2.5,1.5,1
Adventure Time,The Eyes,Jake,Young adult,Male,Uncertain,Middle Class,Heroic sidekick,4,3,2,0,4,4,2.5,4,3.5,4,2.5,3,4,2,2,2,4,1
Adventure Time,Blood Under the Skin,Jake as Mother,Young adult,Male,Uncertain,Uncertain,Heroic sidekick,3,2.5,2,2,4,1,1,3,0,0,0,0,1.5,1.5,0,4.5,2,1
Digimon,A New Digitude,Kari Kamiya,Teenager (13 - 18),Female,White,Middle Class,Heroic sidekick,2,1,1,2,3,2.5,1,2,2,1,3,2,3,2,2,3,2,1
Digimon,Enter Flamedramon,Kari Kamiya,Teenager (13 - 18),Female,White,Middle Class,Heroic sidekick,2,2,2,3,3,2,2,2,2,3,2,2,3,2,3,3,2,1
Digimon,The Digiteam Complete,Kari Kamiya,Teenager (13 - 18),Female,White,Uncertain,Heroic sidekick,2,2.5,2,3,2,2.5,2.5,2.5,2,3,3,2.5,0,2,3,2.5,2,1
Wild Kratts,Whale of a Squid,Koki,Young adult,Female,Black,Middle Class,Heroic sidekick,2,2.33,5,2.33,2.67,2,2,2.33,1.67,1.67,2,2,2,2,2.67,3.33,2.33,2
Teenage Mutant Ninja Turtles,Slash and Destroy,Leonardo,Teenager (13 - 18),Male,Uncertain,Poor / Working class,Heroic sidekick,3.33,3,3,3,2,1.67,1.67,3,2.33,2.33,2.33,2.67,2.33,1.67,1.67,4,2,2
Teenage Mutant Ninja Turtles,"The Good, The Bad, and Casey Jones",Leonardo,Teenager (13 - 18),Male,Uncertain,Middle Class,Heroic sidekick,3,2.5,3,2.5,1.5,1.5,1.5,3.5,2,1.5,1.5,2,2,1.5,1,4,1,2
Bob's Burgers,Bob Day Afternoon,Linda Belcher,Middle aged,Female,White,Poor / Working class,Heroic sidekick,3,3,2,3,4,3,3,2.5,2.5,4,3.5,1.5,1,3,3,4,2.5,1
Bob's Burgers,Burgerboss,Linda Belcher,Middle aged,Female,White,Middle Class,Heroic sidekick,2,2.5,1.5,2.5,3,1,2,2,2,2.5,2,2,2,2,3,4.5,2,1
Bob's Burgers,Bob Day Afternoon,Louise Belcher,Child (4 - 12),Female,White,Poor / Working class,Heroic sidekick,2,2.5,1.5,2.5,4.5,1,4,3.5,4,2,1.5,2.5,3,1.5,0,3,2,1
Legend of Korra,A Leaf in the Wind,Mako,Teenager (13 - 18),Male,Asian,Poor / Working class,Heroic sidekick,2.5,1,2,3,1,1.5,2.5,3.5,3,2,1.5,4.5,1,2,1,4.5,2,1
American Dad,Hot Water,Marguerite,Middle aged,Male,Black,Middle Class,Heroic sidekick,1.5,2,4,1.5,3,3,1.5,2.5,2,2,1.5,2.5,2,1.5,2.5,3.5,3,1
Ultimate Spider-Man,Great Power,Mary Jane Watson,Teenager (13 - 18),Female,White,Middle Class,Heroic sidekick,1.33,1.33,1.67,1.67,2,2.33,1.33,2.67,1.33,1.33,1.33,1.67,2.33,2,2.33,4,1.33,2
Johnny Test,Johnny Test vs. Bling Bling Boy,Mary Test,Teenager (13 - 18),Female,White,Middle Class,Heroic sidekick,1.67,1.67,2.33,2,2,2.33,2.67,3,2.67,1,2.33,2.67,3.33,2.33,2.33,4,1.33,2
Johnny Test,Stinkin' Johnny,Mary Test,Teenager (13 - 18),Female,White,Middle Class,Heroic sidekick,2,2,2.33,2.33,2,2.33,1.67,3,2.33,1,2.33,3,2.67,2,3,3.33,1.33,2
Teenage Mutant Ninja Turtles,Slash and Destroy,Michelangelo,Teenager (13 - 18),Male,Uncertain,Poor / Working class,Heroic sidekick,3.33,3,2.67,3,4.67,2,1.33,3,2,3.67,3.33,2.33,2,1.67,1.67,1.67,3,2
Teenage Mutant Ninja Turtles,"The Good, The Bad, and Casey Jones",Michelangelo,Teenager (13 - 18),Male,Uncertain,Middle Class,Heroic sidekick,3,2.5,3,3,5,1.5,1,3.5,2.5,3,2,1.5,1.5,1.5,1,2,1,2
Littlest Pet Shop,Blythe's Big Adventure - Part 1,Minka Mark,Uncertain,Female,White,Middle Class,Heroic sidekick,2,2.5,2,2.5,4,2,2.5,3,2.5,3.5,3,3,2.5,3,2.5,2.5,3,2
Spongebob Squarepants,Drive Thru,Mr. Krabs,Middle aged,Male,Uncertain,Middle Class,Heroic sidekick,4.5,3,3.5,2.5,4,2,2.5,3,3,3.5,2,2.5,3,1.5,2.5,2.5,3.5,1
Arthur,Arthur Sells Out,Muffy Crosswire,Child (4 - 12),Female,Uncertain,Upper Class / Wealthy,Heroic sidekick,3,3,2.5,2,2,1,3.5,2,3,1,1,3,3.5,1.5,3,4,1,1
Arthur,Swept Away / Germophobia,Muffy Crosswire,Child (4 - 12),Female,Uncertain,Uncertain,Heroic sidekick,3,2,2.5,1.5,3,2,3.5,3,3.5,3,4,4,2,2,3,3,3,1
Ultimate Spider-Man,Great Power,Nick Fury,Middle aged,Male,Black,Middle Class,Heroic sidekick,2.67,2.67,5,2,1.33,1,1.33,4,2.33,1,1.67,3.67,2,1,1,4.67,1.33,2
Ultimate Spider-Man 3,Doomed,Nova (Sam Alexander),Teenager (13 - 18),Male,Uncertain,Uncertain,Heroic sidekick,2,2,3.5,3,3,1,1,3,3,2,1.5,4,1.5,1.5,2.5,3,2.5,2
Spongebob Squarepants,A Friendly Game,Patrick Star,Young adult,Male,Uncertain,Middle Class,Heroic sidekick,4,3.5,3,3,4.5,3.5,2.5,4,2.5,5,4,3,3,3.5,4,1.5,4.5,1
Spongebob Squarepants,Accidents Will Happen / The Other Patty,Patrick Star,Young adult,Male,Uncertain,Poor / Working class,Heroic sidekick,4.25,4.25,2.25,4.25,4.75,3.75,2.25,2,2,5,4,2.5,2.5,4.25,3.5,1.5,4.5,1
Spongebob Squarepants,Sentimental Sponge,Patrick Star,Young adult,Male,Uncertain,Middle Class,Heroic sidekick,4,3.5,3,4,4,3,2.5,3,3,5,4,3,2.5,3.5,3.5,1.5,4.5,1
Littlest Pet Shop,Blythe's Big Adventure - Part 1,Penny Ling,Uncertain,Female,Asian,Middle Class,Heroic sidekick,3,3,3.67,3,2.33,4,2.67,2.67,2.33,2.33,3.33,2.33,3,3.33,2,2.67,2.67,2
Littlest Pet Shop,Blythe's Big Adventure - Part 1,Pepper Clark,Uncertain,Female,White,Middle Class,Heroic sidekick,2.67,3,2,3,4,2.67,2.33,2.67,2.33,2.67,3,2.33,2.67,3,3.33,3,3,2
My Little Pony: Friendship is Magic,"Friendship is Magic, Part 2",Pinky Pie,Child (4 - 12),Female,Other,Middle Class,Heroic sidekick,1,1,2.5,3,5,1,1,1,2,4,3,1,2,2,3,1,3,1
Ultimate Spider-Man 3,Doomed,Power Man (Luke),Teenager (13 - 18),Male,Black,Uncertain,Heroic sidekick,2,2,5,3,2.5,1,1.5,3,1.5,2,3,3,2.5,1,1.5,3,2,2
American Dad,Hot Water,Principal Lewis,Middle aged,Male,Black,Middle Class,Heroic sidekick,4.5,3.5,5,1.5,4,2.5,3.5,3.5,2.5,3,1.5,3,3,1.5,3,4,4,1
My Little Pony: Friendship is Magic,"Friendship is Magic, Part 2",Rainbow Dash,Child (4 - 12),Female,Other,Middle Class,Heroic sidekick,2,1,2,2,4,1,1,3,2,2,2,3,0,1,1,2,2,1
My Little Pony: Friendship is Magic,"Friendship is Magic, Part 2",Rarity,Child (4 - 12),Female,Other,Middle Class,Heroic sidekick,1,1,1,1,2,1,1,1,1,2,2,1,3,2,2,3,2,1
American Dad,Hurricane!,Roger,Young adult,Male,Uncertain,Middle Class,Heroic sidekick,3,3.5,2,3,3.5,2,3,4,4,3,2,4,3,3,3,3.5,3,1
Littlest Pet Shop,Bad Hair Day,Russell Ferguson,Child (4 - 12),Male,Uncertain,Middle Class,Heroic sidekick,2.67,3,2.67,3,2,2.67,2.33,2.33,2.33,2.67,2.67,2.33,2.67,1.33,2.67,3,2.33,2
Littlest Pet Shop,Blythe's Big Adventure - Part 1,Russell Ferguson,Uncertain,Male,White,Middle Class,Heroic sidekick,3.5,3,3,3,3,2.5,2.5,2.5,2,2,2.5,3,2.5,2,3,4.5,2,2
Littlest Pet Shop,Blythe's Big Adventure - Part 2,Russell Ferguson,Uncertain,Male,Uncertain,Uncertain,Heroic sidekick,3.5,3,0,0,2,1.5,1.5,3,2,1.5,1.5,3,2,1,2.5,3.5,2,2
Sanjay and Craig,Hot Sauce Boss,Sanjay Patel,Child (4 - 12),Male,Asian,Middle Class,Heroic sidekick,1.5,2,3,2,3.5,2.3,1,1.5,2,2,1.5,1,3,1.5,3.4,2,3,2
Gravity Falls,Headhunters,Soos Ramirez,Young adult,Male,Latino(a) / Hispanic,Poor / Working class,Heroic sidekick,4.67,4,3,4,4.67,4.33,1.33,1.67,1.33,4,3.67,2,2,4,4,2,4,2
Gravity Falls,The Legend of The Gobblewonker,Soos Ramirez,Young adult,Male,White,Poor / Working class,Heroic sidekick,5,4,2.67,3,4.67,2.33,1.33,1.67,1.67,5,4,1.33,2,3.67,3.33,2,3.67,2
Digimon,The Digiteam Complete,Sora Takenouchi,Teenager (13 - 18),Female,White,Uncertain,Heroic sidekick,2.5,2.5,2.5,2,2,2,2,3,2,2.5,2,1.5,0,2,3,4.5,2,1
My Little Pony: Friendship is Magic,"Friendship is Magic, Part 2",Spike,Baby or Infant,Male,Other,Middle Class,Heroic sidekick,4,3,3,3,4,3,2,0,2.5,0,0,2.5,0,0,0,2.5,0,1
My Little Pony: Friendship is Magic,"Friendship is Magic, Part 1",Spike,Child (4 - 12),Male,Uncertain,Uncertain,Heroic sidekick,3.5,2.75,2.5,3,4.5,3.75,1.75,2,1.75,0,4.25,2,3,3.5,0,1.5,4.25,1
My Little Pony: Friendship is Magic,The Ticketmaster,Spike,Child (4 - 12),Male,Uncertain,Uncertain,Heroic sidekick,3.5,3,2,0,4.5,2.5,2.5,3,3,3,4.5,3,3.5,3,3,1,3,1
Spongebob Squarepants,Drive Thru,Squidward Tentacles,Middle aged,Male,Uncertain,Poor / Working class,Heroic sidekick,2,4,2,3.5,4.5,2.5,2.5,2.5,3,3,2.5,4,2,3.5,3,3.5,3,1
Gravity Falls,Headhunters,Stan Pines,Elderly,Male,White,Middle Class,Heroic sidekick,2.67,4,1.67,2,3.67,2,2.33,3,3.67,3.67,2.33,4.33,4,3,3.33,2.33,3.33,2
American Dad,Hurricane!,Steve Smith,Teenager (13 - 18),Male,White,Middle Class,Heroic sidekick,1.5,4,1.5,3,3.5,4,3,3,3,1.5,3.5,2.5,2,3,3.5,1.5,3,1
Dragons: Riders of Berk,When Lightning Strikes,Stoick the Vast,Middle aged,Male,White,Uncertain,Heroic sidekick,4.5,2.5,2,3,1,1,1,1,1.5,1,1,2.5,1.5,1.5,0,4.5,2,1
Littlest Pet Shop,Blythe's Big Adventure - Part 1,Sunil Nevla,Uncertain,Male,Asian,Middle Class,Heroic sidekick,2.5,3,3,3,3,3.5,2.5,3,3,3.5,3.5,3,2.5,3,3.5,3,4,2
Johnny Test,Johnny Test vs. Bling Bling Boy,Susan Test,Teenager (13 - 18),Female,White,Middle Class,Heroic sidekick,1.67,2,2.33,2.33,2.33,2.33,2.67,3,2.67,1,2.33,2.67,3,2.33,2.33,4,1.67,2
Johnny Test,Stinkin' Johnny,Susan Test,Teenager (13 - 18),Female,White,Middle Class,Heroic sidekick,2,2.33,2.33,2.33,2,2,1.67,3,2.33,1,2,2.67,2.67,2,2.67,3.33,1.33,2
Digimon,Enter Flamedramon,Tai Kamiya,Teenager (13 - 18),Male,White,Middle Class,Heroic sidekick,2,2,2.5,2,3,3,2.5,2,2,2,2.5,2,3,2,3,3,2.5,1
Digimon,The Digiteam Complete,Tentamon,Uncertain,Male,Other,Uncertain,Heroic sidekick,3,3,4,0,3,3,2,2,2,3,3.5,3,3,2,3,2,3,1
Legend of Korra,A Leaf in the Wind,Tenzin,Middle aged,Male,White,Upper Class / Wealthy,Heroic sidekick,3,2.5,2,2,1,1,1,1.5,1.5,1.5,1.5,2,1,2,1,5,1,1
Legend of Korra,Welcome to Republic City,Tenzin,Middle aged,Male,Asian,Elite,Heroic sidekick,2,2.5,1.5,1.5,1,1,1,1,1.5,1,1,1.5,1,1.5,1,5,1,1
Bob's Burgers,Bob Day Afternoon,Tina Belcher,Teenager (13 - 18),Female,White,Poor / Working class,Heroic sidekick,3,4,1.5,2.5,3.5,4,0,0,2.5,2.5,0,3,2,3,0,2.5,2,1
Digimon,A New Digitude,TK Takaishi,Teenager (13 - 18),Male,White,Middle Class,Heroic sidekick,2,2,1,2.5,3,2.5,1.5,2.5,2,2.5,3,2,3,2,3,3,2,1
Digimon,The Digiteam Complete,TK Takaishi,Teenager (13 - 18),Male,White,Uncertain,Heroic sidekick,2,3,2,2,2.5,3,2,3,2,3,2,2.5,3,2.5,3,3,2,1
Spongebob Squarepants,The Hot Shot,Tony Fast Jr.,Teenager (13 - 18),Male,Uncertain,Upper Class / Wealthy,Heroic sidekick,3,2.5,2,2,4,1.5,2,2.5,2.5,2.5,1.5,3.5,3,2,1.5,3.5,1,1
Digimon,A New Digitude,Veemon,Child (4 - 12),Male,Uncertain,Uncertain,Heroic sidekick,2,3,3,0,3,2,1,3,2,3,3.5,2,0,1,2,3,2,1
Digimon,Enter Flamedramon,Veemon,Uncertain,Male,Other,Uncertain,Heroic sidekick,1,1,2.5,0,3,3,2,2,2,3,3,2,0,2,3,0,3,1
Digimon,The Digiteam Complete,Veemon,Uncertain,Male,Other,Uncertain,Heroic sidekick,3,3.5,4,0,4,2,1.5,4,2,3.5,2,2,3,1.5,2,2,2.5,1
Sanjay and Craig,Space Race,Vijay Patel,Middle aged,Male,Asian,Middle Class,Heroic sidekick,3.5,3,4.5,3.5,4,2.5,3,3,3,2,2.5,3,3.5,2.5,3.5,3,3,2
Littlest Pet Shop,Blythe's Big Adventure - Part 1,Vinnie Terrio,Uncertain,Male,Uncertain,Middle Class,Heroic sidekick,2.33,3,3,2.67,4.67,2.67,2.67,3,2.67,5,3.33,3,2.67,3,4.67,3,4,2
Ultimate Spider-Man 3,Doomed,White Tiger (Ava),Teenager (13 - 18),Female,Uncertain,Uncertain,Heroic sidekick,2,2.5,3,2.5,2.5,1,1.5,3,1.5,1,1,4,2,1,1,3.5,2,2
Digimon,A New Digitude,Yolei Inoue,Teenager (13 - 18),Female,White,Poor / Working class,Heroic sidekick,2,3.5,1,3,2.5,1,2,4,3,2,2,2.5,2.5,1,2,5,2,1
Littlest Pet Shop,Bad Hair Day,Zoe Trent,Child (4 - 12),Female,Uncertain,Upper Class / Wealthy,Heroic sidekick,1.33,1.33,2.33,1.33,1.67,1.67,2.33,2,2,2.67,2.67,3,2,4,3.33,3.67,2.67,2
Littlest Pet Shop,Blythe's Big Adventure - Part 1,Zoe Trent,Uncertain,Female,White,Middle Class,Heroic sidekick,3,2.33,3,2.33,3.33,2.33,2,3,2,2.33,2,2,2.67,1.67,1.67,3.33,2,2
Teenage Mutant Ninja Turtles,The Kraang Conspiracy,April O'Neil,Teenager (13 - 18),Female,White,Middle Class,Major hero / Major heroine,1.67,2,1.67,3,2.67,2.67,2,3,2,2,2,3,2.33,1.67,3,3.33,2.33,2
Arthur,Arthur Sells Out,Arthur Read,Child (4 - 12),Male,Uncertain,Middle Class,Major hero / Major heroine,3,3,3,1.5,3,2.5,2,2,2,1.5,1,1.5,2.5,1,3,1.5,2,1
Arthur,DW On Ice,Arthur Read,Child (4 - 12),Male,Uncertain,Middle Class,Major hero / Major heroine,2,3,2,2,2,1,1,1,1,1,1,1.5,1,1,1,4,1,1
Arthur,Swept Away / Germophobia,Arthur Read,Child (4 - 12),Male,Uncertain,Middle Class,Major hero / Major heroine,3,3.5,3,2.5,3,2.75,2.25,3,2.25,1.75,3.5,2.5,2,2.5,3,3,2.5,1
Pokemon,A Surface to Air Tag Battle Team,Ash Ketchum,Child (4 - 12),Male,Asian,Middle Class,Major hero / Major heroine,2.5,2,2.5,3,2,1,1,3.5,2.5,1.5,1.5,2,2,1,1,3,1.5,2
Pokemon,Beauties Battling for Pride and Prestige!,Ash Ketchum,Child (4 - 12),Male,Asian,Uncertain,Major hero / Major heroine,2.5,3,3,3,4.5,2.5,1.5,3,3,3,3.5,2.5,2.5,1.5,2.5,3,2.5,2
WordGirl,A World Without WordGirl: Part 1,Becky Botsford,Child (4 - 12),Female,Uncertain,Middle Class,Major hero / Major heroine,2,1.5,4,2,3,1.5,1,2.5,2,1,2,1.5,4,1,1.5,4,1.5,2
WordGirl,The Rise of Miss Power,Becky Botsford,Child (4 - 12),Female,White,Middle Class,Major hero / Major heroine,1.67,2.3,3.67,1.67,3,1.67,1,1,3.33,1,2.33,2,3.67,1.67,1.67,2.33,1.67,2
Sanjay and Craig,Ghost Pool,Belle Pepper,Teenager (13 - 18),Female,White,Middle Class,Major hero / Major heroine,1.5,1,1,1.5,3,3.5,1.5,2,1,3,1.5,1.5,2,1.5,2,4,2,2
Littlest Pet Shop,Bad Hair Day,Blythe Baxter,Teenager (13 - 18),Female,White,Middle Class,Major hero / Major heroine,1,1.33,1.33,1.67,3.33,3,1.33,2,2,4,2.33,1.67,4,1.67,2.66,2,4.67,2
Littlest Pet Shop,Blythe's Big Adventure - Part 1,Blythe Baxter,Teenager (13 - 18),Female,White,Middle Class,Major hero / Major heroine,2.33,2.67,2,2.33,3.33,2,1.67,3,1.33,2.33,2.33,2.33,2.33,2.67,3.33,3,2.67,2
Littlest Pet Shop,Blythe's Big Adventure - Part 2,Blythe Baxter,Teenager (13 - 18),Female,White,Middle Class,Major hero / Major heroine,2.5,2.5,2,3.5,3,1.5,1,1.5,1,1.5,1.5,2,1.5,1.5,3,4,1.5,2
Bob's Burgers,Bob Day Afternoon,Bob Belcher,Middle aged,Male,White,Poor / Working class,Major hero / Major heroine,3.5,3.5,2,3.5,3.5,4,2.5,2,2,4,2,2.5,2.5,2,3,3.5,3,1
Bob's Burgers,Burgerboss,Bob Belcher,Middle aged,Male,White,Middle Class,Major hero / Major heroine,3.5,3.5,1.5,4.5,4,2.5,3.5,3,2.5,4,4,3.5,5,2,4.5,1.5,4.5,1
Bob's Burgers,Synchronized Swimming,Bob Belcher,Middle aged,Male,White,Poor / Working class,Major hero / Major heroine,3.5,2.5,1,4,4,1.5,2,3,3.5,1.5,4,2.5,1.5,2,4,5,2,1
Breadwinners,Frog Day Afternoon,Buhdeuce,Child (4 - 12),Male,Uncertain,Middle Class,Major hero / Major heroine,4,3,3,3.5,4.5,2.5,3,1.5,2,3.5,4,2.5,3,2,3.5,2,3,2
Breadwinners,Stank Breath,Buhdeuce,Child (4 - 12),Male,Uncertain,Middle Class,Major hero / Major heroine,2.5,3,3,2.5,4.5,3.5,1.5,3,2,4,4.5,2.5,3,3,3.5,1.5,2.5,2
Breadwinners,Brocrastination,Buhdeuce,Teenager (13 - 18),Male,Uncertain,Middle Class,Major hero / Major heroine,4.67,3,2.33,3.33,4,2.67,2.67,3,2.67,3.33,3.67,2.33,3,3,3,1.67,3.33,2
Breadwinners,Employee of the Month,Buhdeuce,Teenager (13 - 18),Male,Uncertain,Middle Class,Major hero / Major heroine,4.67,3,2.33,3.33,4.33,3,2,2.67,2.67,3.67,3,2,2.33,1.67,3.67,2,4,2
Breadwinners,Mine All Mine,Buhdeuce,Teenager (13 - 18),Male,Uncertain,Poor / Working class,Major hero / Major heroine,4,3,4,3,4,3,3,3,3,3,4,3,3,3,3,3,4,2
Arthur,Swept Away / Germophobia,Buster Baxter,Child (4 - 12),Male,Uncertain,Middle Class,Major hero / Major heroine,3,3.5,1,2.75,4.25,3.25,2.5,2.75,2.75,4,3.5,3.25,3.5,3.25,3.75,2,3.5,1
Phineas and Ferb,A Hard Day's Knight,Candace Flynn,Teenager (13 - 18),Female,White,Middle Class,Major hero / Major heroine,2,2.5,2,2,4,2,3.5,3.5,4,4,2,3.5,4,2,4.5,2.5,4,1
Phineas and Ferb,"I, Brobot",Candace Flynn,Teenager (13 - 18),Female,White,Middle Class,Major hero / Major heroine,2,2.5,2,2.5,4,4,4,3.5,4,3.5,2,4,3,2,3,2,2.5,1
Phineas and Ferb,"It's a Mud, Mud, Mud, Mud World",Candace Flynn,Teenager (13 - 18),Female,White,Middle Class,Major hero / Major heroine,1,1.5,1,2,3.5,1,2,3,2,3,2,2.5,2,1,5,3,3,1
Teenage Mutant Ninja Turtles,"The Good, The Bad, and Casey Jones",Casey Jones,Teenager (13 - 18),Male,White,Middle Class,Major hero / Major heroine,2,2.5,2,4.5,2,1.5,3,5,4,2.5,1.5,3.5,1.5,1,1,3.5,1.5,2
Sanjay and Craig,Hot Sauce Boss,Chicken Chuck,Young adult,Male,White,Middle Class,Major hero / Major heroine,1.5,4,1.5,4,4,4,3.5,2,2.5,2,2,2,4.5,2,2.5,2,4,2
Wild Kratts,Aardvark Town,Chris Kratt (animated),Young adult,Male,White,Middle Class,Major hero / Major heroine,1.75,1.5,2.75,2.25,3.75,2,1,1.75,1,2,1.75,1,1,1.5,2.25,3.5,1.5,2
Wild Kratts,Mom of a Croc,Chris Kratt (animated),Young adult,Male,White,Middle Class,Major hero / Major heroine,2,2,1.5,3,4,2,1,1,1,1,2,1,1.5,1,1,4.5,1,2
Wild Kratts,Whale of a Squid,Chris Kratt (animated),Young adult,Male,White,Middle Class,Major hero / Major heroine,2.67,2.67,2,2.67,3,1.33,1.33,2.33,1.33,2,2.33,2.33,1.67,1.67,2.67,3.33,2,2
Wild Kratts,Aardvark Town,Chris Kratt (live action),Middle aged,Male,White,Middle Class,Major hero / Major heroine,3,2.75,2,3,3.5,2.75,1,1.25,1,1.25,1.75,1,1.25,2.25,2.5,3.5,1.5,2
Wild Kratts,Mom of a Croc,Chris Kratt (live action),Middle aged,Male,White,Middle Class,Major hero / Major heroine,2.5,3,1.5,3,3.5,2,1,1,1,1,1.5,1,1,1,1,4.5,1,2
Pokemon,A Surface to Air Tag Battle Team,Cilan,Child (4 - 12),Male,Asian,Middle Class,Major hero / Major heroine,2,3,1.5,1.5,1,1,1,3,1.5,1,1,2,1,1.5,1,4,1,2
Sanjay and Craig,Ghost Pool,Craig Slithers,Teenager (13 - 18),Male,Uncertain,Middle Class,Major hero / Major heroine,1,3,3,2.5,4.5,1.5,1.5,2,1,1.5,1.5,1,3.5,1,1.5,2.5,1.5,2
Sanjay and Craig,Space Race,Craig Slithers,Uncertain,Male,Uncertain,Middle Class,Major hero / Major heroine,2.5,3,3,0,4.5,2,3,3,3,1.5,2,3,3,2,3,4,2.5,2
Digimon,A New Digitude,Davis Motomiya,Teenager (13 - 18),Male,White,Middle Class,Major hero / Major heroine,2,1,2.5,2,2,1,1.5,4,3,2,2,3,3,1,2,2.5,1,1
Digimon,The Digiteam Complete,Davis Motomiya,Teenager (13 - 18),Male,White,Middle Class,Major hero / Major heroine,3,3,2,3.5,3,1.5,2,2,3,2,2,2.5,2.5,1.5,1,2.5,2,1
Gravity Falls,Headhunters,Dipper Pines,Child (4 - 12),Male,White,Middle Class,Major hero / Major heroine,2,2,2,2.33,3.33,2,1.33,2.67,2,1.67,1.67,2.67,2.67,1.33,1.67,3.67,1.33,2
Gravity Falls,The Legend of The Gobblewonker,Dipper Pines,Child (4 - 12),Male,White,Middle Class,Major hero / Major heroine,2.33,3,2.33,3,2.67,2,2.33,3,3.33,2,2,2.67,2.33,1.33,2.67,2.33,2.33,2
Gravity Falls,Tourist Trapped,Dipper Pines,Child (4 - 12),Male,White,Middle Class,Major hero / Major heroine,2,2.67,2.33,2.67,2,2,1,4,1.67,1.67,1.33,2.33,1.33,1,2,2.67,1.33,2
Teenage Mutant Ninja Turtles,The Kraang Conspiracy,Donatello,Teenager (13 - 18),Male,White,Uncertain,Major hero / Major heroine,3.33,3.33,4,3,2.67,2,2,3.33,2.33,1.33,2,3,3,2,1.33,4,2,2
Johnny Test,Johnny vs. Dukey,Dukey,Child (4 - 12),Male,Uncertain,Middle Class,Major hero / Major heroine,2.67,3,3,0,3,2,2.33,4,2.67,2.33,2,2.33,3.33,1.33,2,2.67,2,2
Arthur,DW On Ice,DW Read,Child (4 - 12),Female,Uncertain,Middle Class,Major hero / Major heroine,2,2,2.5,1,4.5,1,2,2,3,3,3,2,4,1,5,1,4,1
Phineas and Ferb,A Hard Day's Knight,Ferb Fletcher,Child (4 - 12),Male,White,Middle Class,Major hero / Major heroine,1.5,4,2,2.5,1.5,3.5,2,3,2.5,2,4.5,3.5,3,3.5,2.5,3,2.5,1
Adventure Time,Blood Under the Skin,Finn,Teenager (13 - 18),Male,White,Uncertain,Major hero / Major heroine,1.5,2.5,1,3,4,2,1.5,3,1.5,2.5,2.5,2.5,2,1.5,2.5,2,3,1
Adventure Time,It Came from the Nightosphere,Finn,Teenager (13 - 18),Male,White,Middle Class,Major hero / Major heroine,2,2.5,1.5,3.5,5,1.5,1,3.5,1.5,3.5,1.5,1,1,1,1,1.5,2,1
Adventure Time,Loyalty to the King,Finn,Teenager (13 - 18),Male,White,Uncertain,Major hero / Major heroine,1.5,2.5,1,3,2.5,2,1,3.5,1,2.5,1.5,2,1.5,1.5,1,2.5,1.5,1
Adventure Time,Slow Love,Finn,Teenager (13 - 18),Male,White,Middle Class,Major hero / Major heroine,2.5,3,2,2.5,2.5,2,1.5,2.5,1.5,2.5,1,2,1,1.5,1.5,3,2,1
Adventure Time,Storytelling,Finn,Teenager (13 - 18),Male,White,Middle Class,Major hero / Major heroine,2,3,1.5,2.5,4.5,2,1.5,4,2,3.5,2,1.5,1,1.5,1,1.5,2,1
Adventure Time,The Eyes,Finn,Teenager (13 - 18),Male,White,Middle Class,Major hero / Major heroine,2,3,1,3,4,4,1.5,2,2,3,2.5,2,1.5,1.5,2.5,2,2.5,1
American Dad,Hurricane!,Francine Smith,Middle aged,Female,White,Middle Class,Major hero / Major heroine,2,1.5,1.5,2,3,1.5,1.5,3,3,2.5,3,3,2,3,2.5,4.5,2,1
Dragons: Riders of Berk,Thawfest,Hiccup Haddock,Teenager (13 - 18),Male,White,Uncertain,Major hero / Major heroine,1,2,1,3,3,2,1,1,2,1,2,3,3,1,2,3,2,1
Dragons: Riders of Berk,What Flies Beneath,Hiccup Haddock,Teenager (13 - 18),Male,White,Uncertain,Major hero / Major heroine,1.5,2.5,1.5,2.5,2.5,2,1,2,1,1,1,1.5,1.5,1,1.5,4,1,1
Dragons: Riders of Berk,When Lightning Strikes,Hiccup Haddock,Teenager (13 - 18),Male,White,Uncertain,Major hero / Major heroine,2,2.5,2,3.5,1.5,1.5,1,1.5,1.5,1.5,1.5,2,2,1.5,2,4.5,2,1
Pokemon,A Village Homecoming,Iris,Child (4 - 12),Female,Uncertain,Uncertain,Major hero / Major heroine,2.67,2.33,4,3,3,1.33,1.67,1.67,2,2.67,2.67,1.67,2,1.33,2,3.33,2.33,2
Pokemon,Beauties Battling for Pride and Prestige!,Iris,Child (4 - 12),Female,Uncertain,Uncertain,Major hero / Major heroine,2,2.5,4.5,3,3.5,1.5,2,3.5,3,2,2,3,3,1.5,2.5,2.5,2,2
Adventure Time,Loyalty to the King,Jake,Young adult,Male,Uncertain,Uncertain,Major hero / Major heroine,2.5,3.5,2.5,3,3,2,1,2.5,1.5,2,2,2.5,1.5,2.5,2,4,2.5,1
Johnny Test,Johnny Test vs. Bling Bling Boy,Johnny Test,Child (4 - 12),Male,White,Middle Class,Major hero / Major heroine,2.67,2.33,2.67,3,3.33,2,1.67,3.33,2.67,3,3,2,3,1.67,1.67,2,2,2
Johnny Test,Johnny vs. Dukey,Johnny Test,Child (4 - 12),Male,White,Middle Class,Major hero / Major heroine,1.67,2,1,2.33,4,1.33,2.33,4.33,3,2.33,2.33,2.67,3.33,1.67,1.33,1.67,2.33,2
Johnny Test,Johnny X and the Attack of the Snowmen,Johnny Test,Child (4 - 12),Male,White,Middle Class,Major hero / Major heroine,1.67,3,1.33,2.33,4.33,3,1.67,3.33,2.33,2.67,4,2,3,1.67,1.33,1,2,2
Johnny Test,Stinkin' Johnny,Johnny Test,Child (4 - 12),Male,White,Middle Class,Major hero / Major heroine,2.67,2.67,2,2.67,4,2.67,2.33,3.67,3,3.33,3.67,2,3.33,1.33,3,2,3.33,2
Johnny Test,"Here Johnny, Here Boy!",Johnny Test,Teenager (13 - 18),Male,White,Upper Class / Wealthy,Major hero / Major heroine,1.5,2,1,2.5,3.5,3,3,3,3.5,3.5,3,2.5,2.5,2,3.5,2,3,2
Johnny Test,Johnny Applesauce,Johnny Test,Teenager (13 - 18),Male,White,Upper Class / Wealthy,Major hero / Major heroine,1,2,1.5,2.5,3.5,2.5,1.5,3,1,3,2.5,2,2,1,3,2.5,3,2
Legend of Korra,A Leaf in the Wind,Korra,Teenager (13 - 18),Female,Other,Elite,Major hero / Major heroine,3,2.5,4,2.5,3,1,1.5,3.5,2.5,2.5,1,2.5,2.5,1,2,2,1.5,1
Legend of Korra,The Revelation,Korra,Teenager (13 - 18),Female,Asian,Upper Class / Wealthy,Major hero / Major heroine,2,2.5,4,3,2,1,1.5,4,3,2,1.5,2.5,3,1,1,3,1.5,1
Legend of Korra,Welcome to Republic City,Korra,Teenager (13 - 18),Female,Other,Elite,Major hero / Major heroine,2.5,1,3,2,3,1,1,4,1.5,1.5,1,1.5,1.5,1,1,2,1.5,1
Teenage Mutant Ninja Turtles,The Kraang Conspiracy,Leonardo,Teenager (13 - 18),Male,White,Uncertain,Major hero / Major heroine,3.33,3,4,3,2.67,1.67,2,3.33,2,1.33,1.33,3,3,1.67,1.33,3.67,2,2
Johnny Test,Stinkin' Johnny,Lila Test,Middle aged,Female,White,Middle Class,Major hero / Major heroine,2,2,2.33,1.67,3,1.67,1.67,4.33,2.33,1.67,1.33,2.33,2.67,1,1,4.33,1.33,2
Bob's Burgers,Synchronized Swimming,Linda Belcher,Middle aged,Female,White,Poor / Working class,Major hero / Major heroine,2.5,3,1.5,2.5,4.5,1,1,2,1,3.5,3,1.5,1,2,2,3.5,3,1
Bob's Burgers,Synchronized Swimming,Louise Belcher,Child (4 - 12),Female,White,Poor / Working class,Major hero / Major heroine,2,2.5,1.5,3,4.5,1,2,3,3,1,1.5,2.5,5,1,3,4,2,1
Gravity Falls,Headhunters,Mabel Pines,Child (4 - 12),Female,White,Middle Class,Major hero / Major heroine,2.67,3,2,3,4,3,1,1,1,4.33,2.67,1.33,1,1.67,3.67,1.33,3,2
Gravity Falls,The Legend of The Gobblewonker,Mabel Pines,Child (4 - 12),Female,White,Middle Class,Major hero / Major heroine,2.67,2.67,2.33,3,4,2,2.33,2.67,3,3.67,3,2,2.33,2,2.67,1.33,2.67,2
Gravity Falls,Tourist Trapped,Mabel Pines,Child (4 - 12),Female,White,Middle Class,Major hero / Major heroine,2.33,3.33,2,3,3.67,2,1,4,1.5,4,3.5,1.5,2,3,4,2,2.5,2
Legend of Korra,The Revelation,Mako,Teenager (13 - 18),Male,Asian,Poor / Working class,Major hero / Major heroine,2.5,1,2,2.5,1,1,1.5,3.5,2.5,1.5,1,3.5,2.5,1.5,1,4.5,1.5,1
Adventure Time,It Came from the Nightosphere,Marceline Abadeer,Teenager (13 - 18),Female,Uncertain,Upper Class / Wealthy,Major hero / Major heroine,1,1.5,1,3.5,1,2.5,2.5,4,3,2,2,4,2,3,1.5,2,3,1
Wild Kratts,Aardvark Town,Martin Kratt (animated),Young adult,Male,White,Middle Class,Major hero / Major heroine,2.25,1.5,2.25,2.25,3.5,1.75,1,1.75,1.25,1.5,2.5,1.25,1,1,2,4,1.5,2
Wild Kratts,Mom of a Croc,Martin Kratt (animated),Young adult,Male,White,Middle Class,Major hero / Major heroine,2,2,2,3,4,2,1,1,1,1,2,1,1.5,1,1,3.5,1,2
Wild Kratts,Whale of a Squid,Martin Kratt (animated),Young adult,Male,White,Middle Class,Major hero / Major heroine,2.67,2.67,2.33,2.67,3.67,2.33,1.67,2,1.67,2,2.67,2,2,2,3,3.33,2,2
Wild Kratts,Aardvark Town,Martin Kratt (live action),Middle aged,Male,White,Middle Class,Major hero / Major heroine,3.5,3,1.75,3,3.75,2.25,1.25,1.25,1,1.25,2.25,1.25,1.25,1.25,1.75,3.5,1.5,2
Wild Kratts,Mom of a Croc,Martin Kratt (live action),Middle aged,Male,White,Middle Class,Major hero / Major heroine,3,3,1.5,3,3.5,2,1,1,1,1,1.5,1,1,1,1,4.5,1,2
Johnny Test,Johnny vs. Dukey,Mary Test,Teenager (13 - 18),Female,White,Middle Class,Major hero / Major heroine,1.33,1.33,1,1.67,2.67,1.33,2.33,4.33,2.67,1.33,2,2.67,2.33,1.33,2,3,1.67,2
Johnny Test,Johnny X and the Attack of the Snowmen,Mary Test,Teenager (13 - 18),Female,White,Middle Class,Major hero / Major heroine,1.33,1.33,1,2,2.67,1.33,1.67,3.67,2,1.33,2.33,2.67,2.67,1.33,2,3.67,1.33,2
Teenage Mutant Ninja Turtles,The Kraang Conspiracy,Michelangelo,Teenager (13 - 18),Male,White,Uncertain,Major hero / Major heroine,3.33,3,4,3,5,1.67,2,3,2,4,3,2.67,3,2.33,2.67,2,3.33,2
Littlest Pet Shop,Bad Hair Day,Minka Mark,Child (4 - 12),Female,Uncertain,Middle Class,Major hero / Major heroine,1.33,2.67,2,2.33,4.33,3.33,1.33,2,1.33,3.67,2.67,2,2,2,1.67,1,2,2
WordGirl,The Rise of Miss Power part II,Mrs. Botsford,Middle aged,Female,Black,Middle Class,Major hero / Major heroine,2.5,2.5,4,2,3,2,1.5,2.5,1.5,1,2,2,2,1,3,5,1.5,2
Arthur,Mind Your Manners,Mrs. Tibble,Elderly,Female,Uncertain,Middle Class,Major hero / Major heroine,3,3,5,4,3,3,1,1,1,2,1.5,1,1.5,3,3,5,1.5,1
Arthur,Spoiled Rotten,Muffy Crosswire,Child (4 - 12),Female,Uncertain,Upper Class / Wealthy,Major hero / Major heroine,3,2.5,2,1,4,1,3,1,3,2,4,3,4,1,1,2,2,1
Sanjay and Craig,Hot Sauce Boss,Penny Pepper,Middle aged,Male,White,Middle Class,Major hero / Major heroine,4.5,4.5,1,5,3,1.5,4,4.5,4,4,2,2,3.5,2,3.5,3,3,2
Ultimate Spider-Man,Great Power,Peter Parker,Teenager (13 - 18),Male,White,Middle Class,Major hero / Major heroine,2,2,1.67,2.33,3.33,3.67,1,1,1,1,2,1.33,3,3.67,3,2.33,2.67,2
Phineas and Ferb,A Hard Day's Knight,Phineas Flynn,Child (4 - 12),Male,White,Middle Class,Major hero / Major heroine,2,4,2.5,3.5,3.5,1.5,2,2.5,2.5,1,2,3,2.5,1,2,2.5,1,1
Phineas and Ferb,Ballad of Badbeard,Phineas Flynn,Child (4 - 12),Male,White,Middle Class,Major hero / Major heroine,1,3,1,3,3,1,1,1,1,1,1,1,0,1,1,4,1,1
Phineas and Ferb,"I, Brobot",Phineas Flynn,Child (4 - 12),Male,White,Middle Class,Major hero / Major heroine,2.5,4,2.5,3,3.5,1.5,2.5,3,3,1,2,2.5,2.5,1,2.5,3,1.5,1
Phineas and Ferb,"It's a Mud, Mud, Mud, Mud World",Phineas Flynn,Child (4 - 12),Male,White,Middle Class,Major hero / Major heroine,2,3,1,2.5,5,1,1,0,1,1,1,2,1,1,0,3.5,1,1
Phineas and Ferb,Jerk De Soliel / Toy to the World,Phineas Flynn,Child (4 - 12),Male,White,Middle Class,Major hero / Major heroine,2,3.63,1.75,2.88,3,1.75,1.63,1.75,1.75,1.25,1.88,1.75,3.25,2,2.63,2,2,1
Teenage Mutant Ninja Turtles,Slash and Destroy,Raphael,Teenager (13 - 18),Male,Uncertain,Poor / Working class,Major hero / Major heroine,3.33,3,2.67,3,2.33,1.67,2,3.33,3,2.33,2,3.67,3.67,1.67,1.67,2.67,2.33,2
Teenage Mutant Ninja Turtles,"The Good, The Bad, and Casey Jones",Raphael,Teenager (13 - 18),Male,Uncertain,Middle Class,Major hero / Major heroine,3,2.5,3,3,1.5,1,2,4.5,3.5,2.5,1.5,4.5,1.5,1,1,2.5,1.5,2
Teenage Mutant Ninja Turtles,The Kraang Conspiracy,Raphael,Teenager (13 - 18),Male,White,Uncertain,Major hero / Major heroine,3.33,3,4,3,3,2,2,3.33,2.33,2,2,2.67,3,2,1.33,3,1.67,2
American Dad,A Ward Show,Roger,Young adult,Male,Uncertain,Middle Class,Major hero / Major heroine,3,5,2,0,3,2.5,2,2.5,2.5,2.5,2,1.5,2.5,1.5,3,5,3,1
Sanjay and Craig,Ghost Pool,Sanjay Patel,Child (4 - 12),Male,White,Middle Class,Major hero / Major heroine,2,2.5,2.5,2,4.5,2,1.5,1,1,2,2,1,4,1,2.5,1.5,2,2
Sanjay and Craig,Middle Shame,Sanjay Patel,Child (4 - 12),Male,Asian,Middle Class,Major hero / Major heroine,1.5,3.5,3,3,4,3.5,3,2,2,2,2.5,3,3,2.5,3.5,2,2.5,2
Sanjay and Craig,Shirts Off,Sanjay Patel,Child (4 - 12),Male,Asian,Middle Class,Major hero / Major heroine,1,3,3.5,3,4.5,3,2,1.5,3,3,3.5,3,3,1.5,3,1.5,3,2
Sanjay and Craig,Dolled Up,Sanjay Patel,Teenager (13 - 18),Male,Asian,Middle Class,Major hero / Major heroine,3,3,3.5,3,4.5,3,1.5,2.5,3,3,3,3,1.5,2,4,3,3,2
Sanjay and Craig,Space Race,Sanjay Patel,Teenager (13 - 18),Male,Other,Middle Class,Major hero / Major heroine,3,3,3.5,3,4.5,2,3.5,3,3,3.5,3.5,3,2.5,3,3.5,2.5,3.5,2
Ultimate Spider-Man 3,Doomed,Spider-Man (Peter Parker),Teenager (13 - 18),Male,White,Uncertain,Major hero / Major heroine,1.5,3,2.5,3,4.5,1.5,1,2.5,2.5,2,1.5,2.5,2,1,2,2.5,1.5,2
Ultimate Spider-Man,Great Power,Spider-Man (Peter Parker),Teenager (13 - 18),Male,Uncertain,Uncertain,Major hero / Major heroine,2.33,3,3,2,3,1,1,3.67,2,1,1,2.67,2,1,1,3,1,2
Ultimate Spider-Man,Great Responsibility,Spider-Man (Peter Parker),Teenager (13 - 18),Male,White,Middle Class,Major hero / Major heroine,2,3,2,3,5,2.67,1.33,3.33,1.67,2.67,2,2.67,2.67,1.33,1,2.33,2.33,2
Spongebob Squarepants,A Friendly Game,Spongebob Squarepants,Young adult,Male,Uncertain,Middle Class,Major hero / Major heroine,2,3.5,2.5,2.5,4.5,2.5,1.5,3,2,3.5,3,2.5,2.5,1.5,4,2.5,4,1
Spongebob Squarepants,Accidents Will Happen / The Other Patty,Spongebob Squarepants,Young adult,Male,Uncertain,Middle Class,Major hero / Major heroine,1.75,3.25,2,2,4.25,2.5,1.25,1.5,1.75,3.25,3,1.5,1.5,1.5,2.75,2.25,3.5,1
Spongebob Squarepants,Accidents Will Happen / The Other Patty,Spongebob Squarepants,Young adult,Male,Uncertain,Middle Class,Major hero / Major heroine,1.75,2.75,1.75,2,4,2.75,1.5,1.25,1.25,2,1.75,1.25,3,1,3.25,2.75,2.5,1
Spongebob Squarepants,Drive Thru,Spongebob Squarepants,Young adult,Male,Uncertain,Poor / Working class,Major hero / Major heroine,3,2.5,1,2,4,1.5,2,2.5,2.5,2.5,2.5,2,2,1.5,2,3,1.5,1
Spongebob Squarepants,Sentimental Sponge,Spongebob Squarepants,Young adult,Male,Uncertain,Middle Class,Major hero / Major heroine,2,3.5,2,3,4.5,3,2,2.5,1.5,4,2.5,1.5,2.5,1.5,3.5,1.5,4,1
Spongebob Squarepants,The Hot Shot,Spongebob Squarepants,Young adult,Male,Uncertain,Middle Class,Major hero / Major heroine,3,3,2,2,4.5,2.5,2,2.5,2.5,3,3,2,2.5,1.5,3.5,3,4,1
Gravity Falls,The Legend of The Gobblewonker,Stan Pines,Elderly,Male,White,Poor / Working class,Major hero / Major heroine,3.67,4.33,2.33,4.67,4.33,3,3,3,3.33,3.33,3,2.67,3.33,1.67,3.33,3.67,3.33,2
American Dad,Hot Water,Stan Smith,Middle aged,Male,White,Middle Class,Major hero / Major heroine,3.5,2.5,1.5,1.5,2,2.5,3,3,3,3,2,4,4,1.5,3,2,3,1
American Dad,Hurricane!,Stan Smith,Middle aged,Male,White,Middle Class,Major hero / Major heroine,3,2.5,1.5,1,4,2,2.5,3,3,4,2,3,2.5,1.5,4,3.5,4.5,1
American Dad,A Ward Show,Steve Smith,Teenager (13 - 18),Male,White,Middle Class,Major hero / Major heroine,2.5,3.5,1,3,3,3.5,2.5,2.5,3,2,1.5,3.5,3.5,1.5,4,3,2,1
Johnny Test,Johnny vs. Dukey,Susan Test,Teenager (13 - 18),Female,White,Middle Class,Major hero / Major heroine,1.33,1.33,1,1.33,2.33,1.33,2.33,4.33,2.67,1.33,2,3,2,1.33,1.67,2.67,1.67,2
Johnny Test,Johnny X and the Attack of the Snowmen,Susan Test,Teenager (13 - 18),Female,White,Middle Class,Major hero / Major heroine,1.33,1.33,1,2,2.67,1.33,1.67,3.67,2.33,1.33,2.67,2.67,3.33,1,2,3.67,1.33,2
Breadwinners,Frog Day Afternoon,SwaySway,Child (4 - 12),Male,Uncertain,Middle Class,Major hero / Major heroine,1,2.5,3,2.5,4,2,2,1.5,3,2.5,4.5,2.5,4,1.5,3.5,2.5,2.5,2
Breadwinners,Stank Breath,SwaySway,Child (4 - 12),Male,Uncertain,Middle Class,Major hero / Major heroine,2,3,3,2.5,4,2.5,1,2,1.5,3,4,1.5,3.5,1,2.5,2.5,2.5,2
Breadwinners,Brocrastination,SwaySway,Teenager (13 - 18),Male,Uncertain,Middle Class,Major hero / Major heroine,1,3,3.7,2.7,3.7,2.3,2.7,2.7,2.7,2.3,2.3,2.3,2.7,3,3,2.7,2.7,2
Breadwinners,Employee of the Month,SwaySway,Teenager (13 - 18),Male,Uncertain,Middle Class,Major hero / Major heroine,1,3,3.67,2.67,3.33,2.67,2,2.33,2,2.33,2.33,2.33,2.33,2,2.67,4,2,2
Breadwinners,Mine All Mine,SwaySway,Teenager (13 - 18),Male,Uncertain,Poor / Working class,Major hero / Major heroine,1.5,2.5,4,3,4.5,2.5,2,3,2.5,2,3.5,2.5,3,2,4,3.5,2.5,2
Breadwinners,Thug Loaf,SwaySway,Teenager (13 - 18),Male,Uncertain,Poor / Working class,Major hero / Major heroine,1.5,2.5,3.5,2.5,4,2,1.5,3,2,4,2.5,2,2,2.5,3.5,2.5,2,2
Breadwinners,Mine All Mine,The Bread Maker,Uncertain,Male,Uncertain,Middle Class,Major hero / Major heroine,3.5,2.5,2.5,3.5,3,1.5,1.5,2.5,2.5,2,1,2,2.5,3,3,4.5,2,2
Arthur,Mind Your Manners,Timmy Tibble,Child (4 - 12),Male,Uncertain,Middle Class,Major hero / Major heroine,3,3,3.5,3.5,4,2,3.5,3.5,3.5,3,2,2,2,1.5,3.5,1,3,1
Digimon,Enter Flamedramon,TK Takaishi,Teenager (13 - 18),Male,White,Middle Class,Major hero / Major heroine,2,2.5,2,3,3,2,2,2,2,3,1,2,2,1,3,4,2,1
Arthur,Mind Your Manners,Tommy Tibble,Child (4 - 12),Male,Uncertain,Middle Class,Major hero / Major heroine,3,3,3.5,3.5,4,2,3.5,3.5,3.5,3,2,2,2,1.5,3.5,1,3,1
My Little Pony: Friendship is Magic,"Friendship is Magic, Part 2",Twilight Sparkle,Child (4 - 12),Female,Other,Middle Class,Major hero / Major heroine,1,1,3,3,1,1,1,2,2,1,1,2,2,1,3,4,1,1
My Little Pony: Friendship is Magic,"Friendship is Magic, Part 1",Twilight Sparkle,Teenager (13 - 18),Female,Uncertain,Uncertain,Major hero / Major heroine,2.5,2,3.25,3,2.25,1.5,1,2,2.25,1,1,4.25,1,1.5,1.5,2.75,1,1
My Little Pony: Friendship is Magic,The Ticketmaster,Twilight Sparkle,Teenager (13 - 18),Female,Uncertain,Uncertain,Major hero / Major heroine,3,2.5,2,0,2,1.5,1.5,2,1.5,2,3,1.5,2.5,1.5,3,3.5,2.5,1
WordGirl,The Rise of Miss Power,Word Girl,Child (4 - 12),Female,White,Middle Class,Major hero / Major heroine,1.67,2.33,2.67,1,3,1,1,1.67,3,1,1.67,1,3.33,1,1,2.33,1,2
WordGirl,The Rise of Miss Power part II,Word Girl,Child (4 - 12),Female,Black,Middle Class,Major hero / Major heroine,2.5,2.5,3.5,2,2,2,1.5,2.5,1.5,2,3,1.5,2,2,2,3,3,2
Digimon,The Digiteam Complete,Yolei Inoue,Teenager (13 - 18),Female,White,Middle Class,Major hero / Major heroine,2,3,2,3.5,1,3,1,1.5,1.5,3,3,2,2,2.5,3.5,2.5,3,1
Legend of Korra,The Revelation,Amon,Middle aged,Male,Uncertain,Uncertain,Major villain,1.5,0,2,2.5,1,1,5,4.5,5,2.5,2,4.5,3,1,1,5,1.5,1
Legend of Korra,Welcome to Republic City,Amon,Middle aged,Male,Uncertain,Uncertain,Major villain,2.5,0,0,2.5,1,1,5,4.5,5,1.5,1,4,0,1,0,4,0,1
Johnny Test,Johnny Test vs. Bling Bling Boy,Bling Bling Boy,Child (4 - 12),Male,White,Upper Class / Wealthy,Major villain,4.67,4,2,2,3.33,2.67,4.67,4.33,4.33,3,3.67,3.67,3.67,1.67,3.33,1.33,3,2
Johnny Test,Johnny X and The Attack of the Snowmen,Brain Freezer,Teenager (13 - 18),Male,White,Middle Class,Major villain,2,3,2,1.75,2,2,5,5,5,1.33,1.33,4.33,2.33,1,2.25,3,1.67,2
Littlest Pet Shop,Blythe's Big Adventure - Part 1,Brittany Biskit,Teenager (13 - 18),Female,White,Upper Class / Wealthy,Major villain,2.67,2.67,2,2.33,3,2.33,4,3,4.33,3,3.33,4,2.67,2.67,3,3,2.67,2
Littlest Pet Shop,Blythe's Big Adventure - Part 2,Brittany Biskit,Teenager (13 - 18),Female,White,Upper Class / Wealthy,Major villain,2.5,3,2,2.5,2.5,2.5,5,4,5,4.5,4,5,5,3,3,3,3.5,2
Johnny Test,Stinkin' Johnny,Caveman,Middle aged,Male,White,Poor / Working class,Major villain,4,5,3,5,3,1,4.67,5,4.67,3.33,2.33,3.67,3,2.33,1,2.67,1.67,2
WordGirl,A World Without WordGirl: Part 1,Chuck the Evil Sandwich Making Guy,Young adult,Male,White,Middle Class,Major villain,4.5,5,1,3.5,4,3.5,4,4,4,4,3,3,3,2,3.5,1.5,3.5,2
Phineas and Ferb,A Hard Day's Knight,Dr. Heinz Doofenshmirtz,Middle aged,Male,White,Upper Class / Wealthy,Major villain,2,4.5,2.5,3,4,2,5,5,4.5,4,1.5,3.5,3.5,1.5,3.5,2,4,1
Phineas and Ferb,Ballad of Badbeard,Dr. Heinz Doofenshmirtz,Middle aged,Male,White,Uncertain,Major villain,1,5,1,3,4,1,5,5,4,4,2,4,5,1,3,3.5,4,1
Phineas and Ferb,"I, Brobot",Dr. Heinz Doofenshmirtz,Middle aged,Male,White,Underclass / Criminal,Major villain,2.5,4.5,1,3,4.5,2.5,4.5,4.5,4.5,3.5,2,3.5,4,1.5,3,3,3,1
Phineas and Ferb,"It's a Mud, Mud, Mud, Mud World",Dr. Heinz Doofenshmirtz,Middle aged,Male,White,Upper Class / Wealthy,Major villain,1.5,4.5,1,2.5,5,1,5,4,4,3,1,3,2,1,4,4,4,1
Phineas and Ferb,Jerk De Soliel / Toy to the World,Dr. Heinz Doofenshmirtz,Middle aged,Male,White,Underclass / Criminal,Major villain,1.5,3.25,1.75,2.5,4.75,2.25,5,3.75,4.25,3,1.25,3.75,2.25,1.5,3.75,3,3.75,1
Sanjay and Craig,Shirts Off,Eagle Rider,Middle aged,Male,White,Upper Class / Wealthy,Major villain,3,3,1.5,3,4,2,3,4,3.5,2.5,1.5,2.5,3.5,1,1.5,2,2,2
Breadwinners,Mine All Mine,Fire Mole,Middle aged,Male,Uncertain,Underclass / Criminal,Major villain,4.5,"4,5",4,0,3.5,2,4.5,4.5,3.5,3.5,1.5,4,3,2.5,3.5,2.5,3.5,2
Ultimate Spider-Man,Great Power,Flash Thompson,Teenager (13 - 18),Male,White,Middle Class,Major villain,4,2.67,2,3,2.67,1.67,4.67,5,4.67,4.67,2.33,4.33,3.67,1.33,1.33,2,2.67,2
American Dad,Hot Water,Hot Tub,Uncertain,Male,Uncertain,Uncertain,Major villain,0,2.5,0,0,4.5,1,5,5,5,2,3.5,0,5,1,1.5,2.5,1.5,1
Adventure Time,It Came from the Nightosphere,Hunson Abadeer,Middle aged,Male,Other,Upper Class / Wealthy,Major villain,2.5,4.5,2,1,2,1,5,5,5,1,1,4.5,4.5,1,1.5,4.5,2,1
Adventure Time,Loyalty to the King,Ice King,Elderly,Male,White,Elite,Major villain,2,4.5,2,2.5,3,2,5,4,4.5,3.5,1,4,5,2,3.5,3,3.5,1
Adventure Time,The Eyes,Ice King,Elderly,Male,White,Elite,Major villain,4,4,1.5,2,4,4,2.5,2,3,4,3,4,4,2,2,2,4,1
Gravity Falls,Tourist Trapped,Jeff,Young adult,Male,Other,Uncertain,Major villain,3.5,3,1.5,3,3,3.5,4.5,5,4.5,2.5,4.5,3,4.5,2,3.5,3,3.5,2
Bob's Burgers,Burgerboss,Jimmy Pesto,Middle aged,Male,Other,Middle Class,Major villain,2.5,2,1.5,2.5,3.5,0,4.5,3,4.5,2.5,2,4,3.5,2,2,2.5,2.5,1
Johnny Test,"Here Johhny, Here Boy!",Joni West,Child (4 - 12),Female,White,Middle Class,Major villain,1.5,2.5,1.5,2,3,2.5,4.5,4,3.5,3.5,4,3.5,3,2,4,1.5,3.5,2
Digimon,A New Digitude,Ken Ichijouji (Digimon Emperor),Teenager (13 - 18),Male,Uncertain,Elite,Major villain,2,1,1.5,1,1,1,5,5,5,1,1,5,3,1,1,4,2,1
Digimon,Enter Flamedramon,Ken Ichijouji (Digimon Emperor),Teenager (13 - 18),Male,White,Uncertain,Major villain,3,3,2.5,3,2,3,5,3,4.5,3,2,4,4,1,0,4,2,1
Digimon,The Digiteam Complete,Ken Ichijouji (Digimon Emperor),Teenager (13 - 18),Male,Uncertain,Elite,Major villain,2.5,3,2,2.5,1,1.5,4.5,5,4.5,3,2,4,3,1.5,2.5,3,3,1
Teenage Mutant Ninja Turtles,The Kraang Conspiracy,Kraang Prime,Uncertain,Female,Uncertain,Uncertain,Major villain,3.33,4.33,3,3.33,2.67,2,4.33,3.67,4,2.33,3.67,3,3,2.33,3,3.67,2.33,2
Johnny Test,Johnny Applesauce,Lunch Lady,Middle aged,Female,White,Underclass / Criminal,Major villain,5,5,3.5,3.5,3,2,5,4,5,3,2.5,5,3.5,2,3,3.5,3.5,2
Breadwinners,Frog Day Afternoon,Mama Monster,Middle aged,Female,Uncertain,Uncertain,Major villain,4.5,5,4,3,1,1,2,3.5,3.5,2.5,1,4.5,2,1.5,2.5,3,2.5,2
Bob's Burgers,Bob Day Afternoon,Mickey,Middle aged,Male,White,Underclass / Criminal,Major villain,2,3,2,3,3.5,4,4,4,0,5,4,2,2,2.5,0,2,3,1
Dragons: Riders of Berk,When Lightning Strikes,Mildew,Elderly,Male,White,Uncertain,Major villain,1,4.5,2,4,3,1.5,4,4.5,4.5,4.5,1.5,5,4,1.5,2.5,4.5,4,1
WordGirl,The Rise of Miss Power,Miss Power,Middle aged,Female,White,Upper Class / Wealthy,Major villain,1.33,1.67,1.33,1,1.67,1,5,4,5,1,1,2.67,5,1,2,5,1,2
WordGirl,The Rise of Miss Power part II,Miss Power,Young adult,Female,White,Middle Class,Major villain,1.5,2.5,2.5,1.5,1.5,1,5,5,5,2.5,1,4.5,5,1,1,2,2,2
Johnny Test,Johnny vs. Dukey,"Mitchell ""Bumper"" Randalls",Child (4 - 12),Male,White,Middle Class,Major villain,3.67,5,0.67,4,3,1.67,4.67,5,4.67,3.67,1.67,4,3.33,1.67,1.67,1.67,2.67,2
Pokemon,Beauties Battling for Pride and Prestige!,Moira,Teenager (13 - 18),Female,Uncertain,Upper Class / Wealthy,Major villain,3,1,1.5,1.5,3,2,4.5,4,4.5,2.5,3,4,5,1.5,2.5,2.5,3,2
Spongebob Squarepants,Accidents Will Happen / The Other Patty,Mr. Krabs,Middle aged,Male,Uncertain,Middle Class,Major villain,4.25,3.75,3.75,2,3,2.5,4,3.5,4,2,1.75,4.25,4,1.25,3,4,1.75,1
Spongebob Squarepants,Accidents Will Happen / The Other Patty,Mr. Krabs,Middle aged,Male,Uncertain,Middle Class,Major villain,4.25,3.5,3.75,2.25,2.75,2.75,3.75,4,4,2.5,3,3,4.75,1.75,3,3.5,2.75,1
Adventure Time,Loyalty to the King,Nice King,Elderly,Male,Uncertain,Elite,Major villain,1,2,2,2,5,3,5,4,5,4,3,3.5,5,2.5,0,3,3,1
My Little Pony: Friendship is Magic,"Friendship is Magic, Part 1",Nightmare Moon,Middle aged,Female,Uncertain,Elite,Major villain,2.75,2,5,3,1.25,1,5,4.25,4.75,1,1,4.75,3.67,1,3,4.5,0,1
My Little Pony: Friendship is Magic,"Friendship is Magic, Part 2",Nightmare Moon,Young adult,Female,Other,Elite,Major villain,1.5,1,5,1,1,1,5,4,4,2,1,4,5,1,1,5,2.5,1
Ultimate Spider-Man,Great Power,Norman Osborn,Middle aged,Male,White,Upper Class / Wealthy,Major villain,2,1.67,2,1,1.33,1.67,4,3.67,3.67,1.67,2,5,3.67,2,2,5,1.67,2
Ultimate Spider-Man,Great Responsibility,Norman Osborn,Middle aged,Male,White,Upper Class / Wealthy,Major villain,3,3,2.67,1.33,1.67,2,5,4,3.67,2.33,2.67,4,4.33,2.33,3,4.33,1.67,2
Gravity Falls,The Legend of The Gobblewonker,Old Man,Elderly,Male,White,Poor / Working class,Major villain,2.33,4.67,2,5,4.67,2,4,5,3.67,2.33,3,2.33,5,1,2,2.33,2.33,2
Pokemon,A Surface to Air Tag Battle Team,Rocko,Child (4 - 12),Male,Asian,Middle Class,Major villain,2.5,2.5,2,3,2.5,2.5,3,4,3,2.5,3.5,3.5,2.5,1.5,1.5,3,2,2
Adventure Time,Blood Under the Skin,Scary Ghost,Uncertain,Male,Uncertain,Uncertain,Major villain,3,5,3,0,3,1.5,4.5,5,5,0,0,0,0,3,0,1,0,1
Spongebob Squarepants,Accidents Will Happen / The Other Patty,Sheldon Plankton,Middle aged,Male,Uncertain,Middle Class,Major villain,2.5,3.25,3.5,0,3,1.5,4.5,4,4.5,2.25,2,4.25,4.75,1.25,2.75,3,3.25,1
Spongebob Squarepants,Drive Thru,Sheldon Plankton,Middle aged,Male,Uncertain,Middle Class,Major villain,2,4,4,0,4,4.5,5,4,4,4,2,4,4,2,5,4,5,1
Adventure Time,Blood Under the Skin,Sir Slicer,Middle aged,Male,Asian,Upper Class / Wealthy,Major villain,2,2.5,2,1.5,3,2.5,4,3.5,5,3,1.5,4.5,2.5,3,2.5,4,3,1
Teenage Mutant Ninja Turtles,Slash and Destroy,Slash (post-mutagen),Teenager (13 - 18),Male,Uncertain,Underclass / Criminal,Major villain,4.67,4.33,4.33,3,1.33,1.33,5,5,5,3,2.33,3.33,4.67,1.33,1.67,4.33,2.33,2
Dragons: Riders of Berk,Thawfest,Snotlout Jorgenson,Teenager (13 - 18),Male,White,Uncertain,Major villain,3,4,1,3,3,1,5,4,5,4,3,4,3,1,3,3,3,1
Pokemon,A Surface to Air Tag Battle Team,Soren,Child (4 - 12),Male,Asian,Middle Class,Major villain,2.5,2.5,2,3,2.5,2.5,3,4,3,2.5,3.5,3.5,2.5,1,1.5,3,2.5,2
Dragons: Riders of Berk,Thawfest,Spitelout Jorgenson,Middle aged,Male,White,Uncertain,Major villain,4,4,2,3,1,1,5,4,4,0,1,5,0,1,0,5,3,1
Spongebob Squarepants,A Friendly Game,Squidward Tentacles,Middle aged,Male,Uncertain,Middle Class,Major villain,2,4.5,3,3,3,2,3,3.5,3.5,2,2,5,3,1.5,3,4.5,2.5,1
Spongebob Squarepants,Accidents Will Happen / The Other Patty,Squidward Tentacles,Middle aged,Male,Uncertain,Middle Class,Major villain,2.25,4,2,3.75,2,2,4.25,3.5,4.25,1.75,2.5,4.5,4.5,1.5,3.75,3.5,2,1
Ultimate Spider-Man,Great Power,The Wizard,Middle aged,Male,White,Uncertain,Major villain,2,3,4,2.67,1.33,1,5,5,5,1.67,3,5,3,1,1.33,4.33,1.67,2
Ultimate Spider-Man,Great Power,Trapster,Middle aged,Male,White,Uncertain,Major villain,3.33,2.67,2,3,1.33,1.33,5,5,4.67,3.33,2.33,4.67,3,1.33,1.33,3,2.33,2
Ultimate Spider-Man 3,Doomed,Victor von Doom (Dr. Doom),Middle aged,Male,Uncertain,Underclass / Criminal,Major villain,3,0,0,2.5,2,1,5,5,5,1,1,5,4,1,3,3.5,2,2
Legend of Korra,Welcome to Republic City,Viper (Triple Threat Water Bender),Young adult,Male,White,Underclass / Criminal,Major villain,2.5,2,2,1,2,1,5,5,5,1.5,4,4.5,4.5,1,0,0,0,1
Littlest Pet Shop,Blythe's Big Adventure - Part 1,Whittany Biskit,Teenager (13 - 18),Female,White,Upper Class / Wealthy,Major villain,2.33,2.67,2,2.33,3,2.33,4,3,4.33,3,3.33,4,2.67,2.67,3,3,3,2
Littlest Pet Shop,Blythe's Big Adventure - Part 2,Whittany Biskit,Teenager (13 - 18),Female,White,Upper Class / Wealthy,Major villain,2.5,3,2,2.5,2.5,1.5,5,4,5,3,3,5,5,1.5,3,3,3,2
Wild Kratts,Aardvark Town,Zach Varmitech,Middle aged,Male,White,Upper Class / Wealthy,Major villain,1.25,3.75,1,1.5,4,4,4.25,3.5,4.5,3,4.25,4.25,3,1.75,3.5,2.75,3.75,2
Teenage Mutant Ninja Turtles,The Kraang Conspiracy,April Clone,Teenager (13 - 18),Female,White,Middle Class,Villainous sidekick,1.67,2,1.67,3,2.67,2,5,4,5,2,4,3,5,1,2,3,2,2
Pokemon,Beauties Battling for Pride and Prestige!,Cher,Teenager (13 - 18),Female,Asian,Upper Class / Wealthy,Villainous sidekick,2,2.5,2,1.5,2.5,2.5,4,3,4,3,3,4,3,4,3,3,3,2
Gravity Falls,Tourist Trapped,"Gnome who says ""Who's giving orders""",Uncertain,Male,Other,Uncertain,Villainous sidekick,3.33,3.67,2,3,3.33,3,4.67,4.33,4.67,3.5,4,3.33,3,3.5,3,2.5,3.5,2
Gravity Falls,Tourist Trapped,"Gnome who says, ""my arms are tired""",Uncertain,Male,Other,Uncertain,Villainous sidekick,3.33,3.67,2.33,3,3,3,4.67,4.33,4.67,2.67,2.67,3.33,3,3,3,3,2.67,2
Sanjay and Craig,Hot Sauce Boss,Hector Flanagan,Child (4 - 12),Male,White,Middle Class,Villainous sidekick,4,4,3,3.5,4.5,4.5,2,2.3,2.3,4.5,4.5,2.3,4,4.5,5,1,4,2
Ultimate Spider-Man,Great Power,Klaw,Middle aged,Male,Uncertain,Uncertain,Villainous sidekick,3.33,3,2.33,2.67,2.33,2,5,5,5,3,4.67,5,3,3.67,3.33,2.67,2.33,2
Ultimate Spider-Man,Great Responsibility,Klaw,Middle aged,Male,Uncertain,Underclass / Criminal,Villainous sidekick,3,0,0,3,2,2.33,5,5,5,3.33,3.33,3.33,3,3,3,3,3,2
Teenage Mutant Ninja Turtles,The Kraang Conspiracy,Kraangs,Middle aged,Male,White,Uncertain,Villainous sidekick,2,2.33,1.33,1.33,1.33,1.67,4.67,4.67,4.67,3,4.67,4,3,1.33,1.67,4,1.33,2
Pokemon,Beauties Battling for Pride and Prestige!,Mona,Teenager (13 - 18),Female,Asian,Upper Class / Wealthy,Villainous sidekick,3,1,1.5,1,2.5,3,4,3.5,3.5,3,3.5,4,3,2.5,3,3,3,2
Digimon,Enter Flamedramon,Monogromon,Uncertain,Male,Other,Uncertain,Villainous sidekick,5,5,4.5,0,2,1.5,4,4,4,4,4,4,0,3,2,0,3,1
Digimon,The Digiteam Complete,Moyamon,Uncertain,Male,Other,Uncertain,Villainous sidekick,4,3.5,1.5,0,1.5,3.5,4,4,3.5,3,4,3,3,2.5,2.5,3,4,1
Johnny Test,Johnny Test vs. Bling Bling Boy,Ms. Z,Young adult,Female,White,Middle Class,Villainous sidekick,2,1.33,1.67,2,2.33,2.67,4.33,3.67,3.67,2,2.67,3.33,3.67,2.33,2.33,4,2.33,2
Phineas and Ferb,"It's a Mud, Mud, Mud, Mud World",One-eyed guy/evil investor,Middle aged,Male,White,Upper Class / Wealthy,Villainous sidekick,2,4.5,2,1,3.5,2.5,5,0,3,2.5,3,0,2,3,0,4.5,0,1
Ultimate Spider-Man,Great Responsibility,Otto Octavius (Doctor Octopus),Middle aged,Male,Uncertain,Underclass / Criminal,Villainous sidekick,0,3.33,4,0,2,2.33,5,4,4.67,3,3.33,4,3,2.67,0,3.67,3.67,2
Ultimate Spider-Man,Great Power,Otto Octavius (Doctor Octopus),Uncertain,Male,Uncertain,Uncertain,Villainous sidekick,0,0,5,0,1,2.33,4.67,4,4.33,2,4,3.67,3,2.67,3,3.67,2,2
Gravity Falls,Tourist Trapped,Shmebulock,Elderly,Male,Other,Uncertain,Villainous sidekick,3.5,5,3,3.5,4,2.5,4.5,4,4,4,3.5,3,3,3,3,3,3.5,2
Dragons: Riders of Berk,What Flies Beneath,Snotlout Jorgenson,Teenager (13 - 18),Male,White,Uncertain,Villainous sidekick,4,2.5,2,3,4,2,4,3.5,4,4,2,4.5,4,2,2.5,3,1.5,1
Ultimate Spider-Man,Great Responsibility,The Wizard,Middle aged,Male,Uncertain,Underclass / Criminal,Villainous sidekick,3,3,3,3,2,2,5,5,5,2.67,2.33,3.33,3,1.67,2.67,4,2,2
Ultimate Spider-Man,Great Power,Thundra,Young adult,Female,White,Uncertain,Villainous sidekick,2,1.33,3,1.67,1.67,1.33,5,5,5,2,4,4.33,3,1.33,2,3.67,2,2
Ultimate Spider-Man,Great Responsibility,Thundra,Young adult,Female,White,Underclass / Criminal,Villainous sidekick,2,1.67,2.67,3,2.67,2,5,5,5,3,2.67,4,3,2,3,3,3,2
Legend of Korra,Welcome to Republic City,Triple Threat Triad Earth Bender,Young adult,Male,Uncertain,Underclass / Criminal,Villainous sidekick,3.5,4,2,2.5,1.5,2.5,5,5,5,4,5,4.5,0,1,2,2,0,1
Sanjay and Craig,Shirts Off,Typewriter,Elderly,Male,White,Upper Class / Wealthy,Villainous sidekick,2.5,3.5,1,3,4.5,2.5,3.5,4,3,3,3.5,3,3,2.5,4,2,3,2
Gravity Falls,Headhunters,Wax Coolio,Middle aged,Male,Black,Uncertain,Villainous sidekick,2.67,3,4.33,2.33,4.67,2.33,4,4,4,3,3.67,3.33,3.33,3,3,3.33,2.67,2
Gravity Falls,Headhunters,Wax Groucho,Middle aged,Male,White,Uncertain,Villainous sidekick,2,3,1.67,1,4.67,3.33,3.67,3.33,3.33,3.33,3.67,3,3.33,2.67,3.33,2.67,2,2
Gravity Falls,Headhunters,Wax Larry King,Elderly,Male,White,Uncertain,Villainous sidekick,2,3.33,1.67,1,3,3,4,3.67,3.67,2,3.33,3.33,2.67,3,3,4,2.67,2
Gravity Falls,Headhunters,Wax Sherlock Homes,Middle aged,Male,White,Uncertain,Villainous sidekick,1.67,2.33,2,1,2,1.67,4.33,4.33,4.33,1.33,3,4.33,3.67,1.33,1.67,4,1.67,2
Gravity Falls,Headhunters,Wax William Shakespeare,Middle aged,Male,White,Uncertain,Villainous sidekick,2,3,1.67,1,3,2.67,4,3.33,3.67,2,3.67,3.33,3.33,3.33,2.67,4.33,2,2
Digimon,The Digiteam Complete,Wormmon,Uncertain,Male,Other,Uncertain,Villainous sidekick,3,3,3,0,2,4,4,4,3.5,3,4,3,3,2,2.5,3,4,1